2018-01-01,11612.7,11655.85,11549,11565.75,32997971,1105.66
2018-01-01,11612.7,11655.85,11549,11565.75,32997971,1105.66
2018-01-02,11587.85,11655.5,11558.45,11602.35,25819255,1210.04
2018-01-02,11587.85,11655.5,11558.45,11602.35,25819255,1210.04
2018-01-03,11617.35,11693.35,11573.25,11586.7,22309482,1212.57
2018-01-03,11617.35,11693.35,11573.25,11586.7,22309482,1212.57
2018-01-04,11599.05,11607.75,11510.4,11590.8,17417396,993.59
2018-01-04,11599.05,11607.75,11510.4,11590.8,17417396,993.59
2018-01-05,11575.45,11691.45,11541.8,11633.55,17507348,1168.19
2018-01-05,11575.45,11691.45,11541.8,11633.55,17507348,1168.19
2018-01-08,11674.35,11793.85,11661.5,11776.85,17601459,1034.84
2018-01-08,11674.35,11793.85,11661.5,11776.85,17601459,1034.84
2018-01-09,11805.35,11819.35,11685.75,11790.85,26689866,1413.4
2018-01-09,11805.35,11819.35,11685.75,11790.85,26689866,1413.4
2018-01-10,11803.85,12076.25,11762.5,12054.7,24012407,1757.47
2018-01-10,11803.85,12076.25,11762.5,12054.7,24012407,1757.47
2018-01-11,12060.8,12178.8,12045.45,12103.1,27129023,2022.24
2018-01-11,12060.8,12178.8,12045.45,12103.1,27129023,2022.24
2018-01-12,12144.8,12146.75,12004.4,12099.15,26161722,2053.47
2018-01-12,12144.8,12146.75,12004.4,12099.15,26161722,2053.47
2018-01-15,12103.5,12214.65,11971.95,11992.75,17080568,1203.27
2018-01-15,12103.5,12214.65,11971.95,11992.75,17080568,1203.27
2018-01-16,12036.55,12487.25,12027.3,12430.95,38696788,3047.06
2018-01-16,12036.55,12487.25,12027.3,12430.95,38696788,3047.06
2018-01-17,12473.05,12653.25,12432.75,12531.4,29648559,2780.78
2018-01-17,12473.05,12653.25,12432.75,12531.4,29648559,2780.78
2018-01-18,12565.85,12605.15,12431.8,12570.7,26886980,1992.04
2018-01-18,12565.85,12605.15,12431.8,12570.7,26886980,1992.04
2018-01-19,12577.25,12668.55,12485.3,12633.85,17534922,1327.65
2018-01-19,12577.25,12668.55,12485.3,12633.85,17534922,1327.65
2018-01-22,12544.6,12924.6,12521.15,12894.95,31661630,2467.99
2018-01-22,12544.6,12924.6,12521.15,12894.95,31661630,2467.99
2018-01-23,12919.3,13084.2,12898.25,13048.9,30760333,2441.26
2018-01-23,12919.3,13084.2,12898.25,13048.9,30760333,2441.26
2018-01-24,13020.3,13553.95,13005.95,13249.55,50984631,3992.15
2018-01-24,13020.3,13553.95,13005.95,13249.55,50984631,3992.15
2018-01-25,13257.9,13259.15,12996.75,13117.85,42395918,2723.25
2018-01-25,13257.9,13259.15,12996.75,13117.85,42395918,2723.25
2018-01-29,13113.2,13328.05,13096.45,13242.5,25031799,1993.56
2018-01-29,13113.2,13328.05,13096.45,13242.5,25031799,1993.56
2018-01-30,13193,13238.5,13071.85,13107.9,35198915,1848.96
2018-01-30,13193,13238.5,13071.85,13107.9,35198915,1848.96
2018-01-31,13050.85,13142.85,12943.35,12986.4,26948151,2004.28
2018-01-31,13050.85,13142.85,12943.35,12986.4,26948151,2004.28
2018-02-01,12965.6,13141.75,12812.95,12964.6,21842854,1761.5
2018-02-01,12965.6,13141.75,12812.95,12964.6,21842854,1761.5
2018-02-02,12872.5,13130.25,12846.2,12983.6,23059095,1723.63
2018-02-02,12872.5,13130.25,12846.2,12983.6,23059095,1723.63
2018-02-05,12878.7,13104.8,12845,12936.9,22877661,1705.59
2018-02-05,12878.7,13104.8,12845,12936.9,22877661,1705.59
2018-02-06,12516.2,12750.7,12490.75,12562.35,25026447,1782.24
2018-02-06,12516.2,12750.7,12490.75,12562.35,25026447,1782.24
2018-02-07,12667.6,12680.3,12419.4,12450.05,22645095,1580.44
2018-02-07,12667.6,12680.3,12419.4,12450.05,22645095,1580.44
2018-02-08,12556.8,12764.75,12468.5,12588.35,27839336,1776.56
2018-02-08,12556.8,12764.75,12468.5,12588.35,27839336,1776.56
2018-02-09,12449.7,12556.2,12350.4,12492.7,19357882,1241.4
2018-02-09,12449.7,12556.2,12350.4,12492.7,19357882,1241.4
2018-02-12,12544.7,12591.95,12390.9,12422.65,20607388,1255.51
2018-02-12,12544.7,12591.95,12390.9,12422.65,20607388,1255.51
2018-02-14,12438.2,12546,12346,12420,23964695,1675.03
2018-02-14,12438.2,12546,12346,12420,23964695,1675.03
2018-02-15,12497.5,12584.25,12439.05,12456.5,20368397,1322.36
2018-02-15,12497.5,12584.25,12439.05,12456.5,20368397,1322.36
2018-02-16,12512.75,12687.45,12412.1,12437.9,22184554,1678.07
2018-02-16,12512.75,12687.45,12412.1,12437.9,22184554,1678.07
2018-02-19,12474.15,12479.4,12228.8,12331.4,19602259,1257.88
2018-02-19,12474.15,12479.4,12228.8,12331.4,19602259,1257.88
2018-02-20,12272.95,12491.6,12268.55,12372,17745502,1201.54
2018-02-20,12272.95,12491.6,12268.55,12372,17745502,1201.54
2018-02-21,12490.5,12703.85,12452.35,12660.05,30130562,2322.32
2018-02-21,12490.5,12703.85,12452.35,12660.05,30130562,2322.32
2018-02-22,12663.65,12794,12631.85,12730.25,34044908,2710.49
2018-02-22,12663.65,12794,12631.85,12730.25,34044908,2710.49
2018-02-23,12784.1,12888,12701.1,12871.15,28957080,2325.33
2018-02-23,12784.1,12888,12701.1,12871.15,28957080,2325.33
2018-02-26,12864.6,12903.9,12692.35,12713.15,23357034,1504.59
2018-02-26,12864.6,12903.9,12692.35,12713.15,23357034,1504.59
2018-02-27,12777.25,12797.35,12688,12746.8,24224177,1396.43
2018-02-27,12777.25,12797.35,12688,12746.8,24224177,1396.43
2018-02-28,12744.4,12904.2,12696.35,12809,30263751,2409.31
2018-02-28,12744.4,12904.2,12696.35,12809,30263751,2409.31
2018-03-01,12823.9,12842.65,12736.4,12769.45,18951090,1282.47
2018-03-01,12823.9,12842.65,12736.4,12769.45,18951090,1282.47
2018-03-05,12768.55,12890.95,12684.3,12857.65,27912338,2030.52
2018-03-05,12768.55,12890.95,12684.3,12857.65,27912338,2030.52
2018-03-06,12924.45,12930.55,12667.45,12706.1,22173389,1501.42
2018-03-06,12924.45,12930.55,12667.45,12706.1,22173389,1501.42
2018-03-07,12767.45,12856.55,12650.25,12677.1,20800256,1554.43
2018-03-07,12767.45,12856.55,12650.25,12677.1,20800256,1554.43
2018-03-08,12757,12802.15,12645.75,12682.4,17687606,1299.04
2018-03-08,12757,12802.15,12645.75,12682.4,17687606,1299.04
2018-03-09,12710.35,12805.35,12656.65,12747.25,-,-
2018-03-09,12710.35,12805.35,12656.65,12747.25,-,-
2018-03-12,12825.25,13012.35,12813.25,12923.4,20430953,1570.64
2018-03-12,12825.25,13012.35,12813.25,12923.4,20430953,1570.64
2018-03-13,12778.35,12842.2,12663.3,12734.2,61575647,13792.85
2018-03-13,12778.35,12842.2,12663.3,12734.2,61575647,13792.85
2018-03-14,12725.2,12840.45,12711.25,12786.95,20788341,1552.87
2018-03-14,12725.2,12840.45,12711.25,12786.95,20788341,1552.87
2018-03-15,12815.6,12860,12727.8,12762.25,29153997,1871.79
2018-03-15,12815.6,12860,12727.8,12762.25,29153997,1871.79
2018-03-16,12776.25,12778.6,12606.6,12698.4,35030341,3283.96
2018-03-16,12776.25,12778.6,12606.6,12698.4,35030341,3283.96
2018-03-19,12660.9,12725.35,12392.7,12421.3,18363549,1545.8
2018-03-19,12660.9,12725.35,12392.7,12421.3,18363549,1545.8
2018-03-20,12385,12644.6,12375.4,12609.1,24306746,1948.78
2018-03-20,12385,12644.6,12375.4,12609.1,24306746,1948.78
2018-03-21,12665.75,12698.35,12554.15,12608.85,-,-
2018-03-21,12665.75,12698.35,12554.15,12608.85,-,-
2018-03-22,12607.65,12638.95,12454.5,12489.6,18498503,1329.25
2018-03-22,12607.65,12638.95,12454.5,12489.6,18498503,1329.25
2018-03-23,12292.65,12564.75,12281.2,12541.1,24933528,2088.07
2018-03-23,12292.65,12564.75,12281.2,12541.1,24933528,2088.07
2018-03-26,12536.6,12542.55,12392.25,12462.4,28517360,1746.52
2018-03-26,12536.6,12542.55,12392.25,12462.4,28517360,1746.52
2018-03-27,12539.5,12566.5,12444.7,12518.2,21450934,1222.56
2018-03-27,12539.5,12566.5,12444.7,12518.2,21450934,1222.56
2018-03-28,12468.7,12573.1,12424.55,12511.55,34191641,2794.98
2018-03-28,12468.7,12573.1,12424.55,12511.55,34191641,2794.98
2018-04-02,12542.3,12723.4,12541.35,12707.1,-,-
2018-04-02,12542.3,12723.4,12541.35,12707.1,-,-
2018-04-03,12637.8,12708.15,12557.05,12615.45,-,-
2018-04-03,12637.8,12708.15,12557.05,12615.45,-,-
2018-04-04,12689.9,12689.9,12442.15,12490.85,19361343,1329.9
2018-04-04,12689.9,12689.9,12442.15,12490.85,19361343,1329.9
2018-04-05,12617.45,12695.8,12578.95,12682.55,19539171,1359.37
2018-04-05,12617.45,12695.8,12578.95,12682.55,19539171,1359.37
2018-04-06,12685.3,12687.4,12569.25,12603.35,17601483,1147.62
2018-04-06,12685.3,12687.4,12569.25,12603.35,17601483,1147.62
2018-04-09,12605.35,12640.3,12506.4,12531.2,-,-
2018-04-09,12605.35,12640.3,12506.4,12531.2,-,-
2018-04-10,12532.25,12618.8,12519.45,12576.5,21570755,1408.33
2018-04-10,12532.25,12618.8,12519.45,12576.5,21570755,1408.33
2018-04-11,12629.4,12785.3,12608.85,12759.1,17903590,1565.25
2018-04-11,12629.4,12785.3,12608.85,12759.1,17903590,1565.25
2018-04-12,12782.05,13219.55,12766.65,13168.2,31423294,3096.3
2018-04-12,12782.05,13219.55,12766.65,13168.2,31423294,3096.3
2018-04-13,13240.65,13380.4,13085.05,13260.45,36821452,3819.25
2018-04-13,13240.65,13380.4,13085.05,13260.45,36821452,3819.25
2018-04-16,12936.3,13242.05,12935.25,13203.1,32908331,3296.71
2018-04-16,12936.3,13242.05,12935.25,13203.1,32908331,3296.71
2018-04-17,13177.1,13194.4,13094,13162.3,20354199,1867.74
2018-04-17,13177.1,13194.4,13094,13162.3,20354199,1867.74
2018-04-18,13185.2,13218.45,13106.3,13124,-,-
2018-04-18,13185.2,13218.45,13106.3,13124,-,-
2018-04-19,13192.95,13295.7,13157.85,13273.45,23540245,2308.1
2018-04-19,13192.95,13295.7,13157.85,13273.45,23540245,2308.1
2018-04-20,13379.35,13964.3,13371.85,13910.35,58967123,7010.06
2018-04-20,13379.35,13964.3,13371.85,13910.35,58967123,7010.06
2018-04-23,13897.65,14294.15,13836.5,14013.95,55531863,6617.75
2018-04-23,13897.65,14294.15,13836.5,14013.95,55531863,6617.75
2018-04-24,13976.7,14071.55,13704.85,13734.8,26771248,3063.23
2018-04-24,13976.7,14071.55,13704.85,13734.8,26771248,3063.23
2018-04-25,13737.5,13972.65,13665.7,13892.4,35668126,3767.13
2018-04-25,13737.5,13972.65,13665.7,13892.4,35668126,3767.13
2018-04-26,13836.95,14056.15,13827.1,14026.65,43169671,4666.05
2018-04-26,13836.95,14056.15,13827.1,14026.65,43169671,4666.05
2018-04-27,14015.7,14070.35,13766.75,13794.9,22682936,2267.64
2018-04-27,14015.7,14070.35,13766.75,13794.9,22682936,2267.64
2018-04-30,13818.85,14094.1,13810.55,13986.25,21148573,1912.65
2018-04-30,13818.85,14094.1,13810.55,13986.25,21148573,1912.65
2018-05-02,13985.55,13985.55,13723.65,13754.3,26021447,2474.53
2018-05-02,13985.55,13985.55,13723.65,13754.3,26021447,2474.53
2018-05-03,13759.45,13759.45,13430.75,13473.95,32450229,2758.85
2018-05-03,13759.45,13759.45,13430.75,13473.95,32450229,2758.85
2018-05-04,13488.75,13488.8,13302.9,13453.3,25701676,2068.81
2018-05-04,13488.75,13488.8,13302.9,13453.3,25701676,2068.81
2018-05-07,13533.55,13563.85,13395.85,13424.9,17512282,1590.51
2018-05-07,13533.55,13563.85,13395.85,13424.9,17512282,1590.51
2018-05-08,13453.95,13474.25,13297.2,13379.65,20143939,1713.36
2018-05-08,13453.95,13474.25,13297.2,13379.65,20143939,1713.36
2018-05-09,13397.85,13538.4,13390.9,13453.4,17101073,1434.13
2018-05-09,13397.85,13538.4,13390.9,13453.4,17101073,1434.13
2018-05-10,13505.25,13566.05,13403.3,13427.3,20768761,1720.44
2018-05-10,13505.25,13566.05,13403.3,13427.3,20768761,1720.44
2018-05-11,13457.9,13519.15,13393.3,13478.6,16533584,1344.64
2018-05-11,13457.9,13519.15,13393.3,13478.6,16533584,1344.64
2018-05-14,13480.1,13495.5,13358.2,13446.1,14878656,1248.17
2018-05-14,13480.1,13495.5,13358.2,13446.1,14878656,1248.17
2018-05-15,13441.55,13614.65,13419.7,13504.95,16608752,1433.69
2018-05-15,13441.55,13614.65,13419.7,13504.95,16608752,1433.69
2018-05-16,13474.05,13585.15,13466.6,13525.6,15787652,1222.63
2018-05-16,13474.05,13585.15,13466.6,13525.6,15787652,1222.63
2018-05-17,13606.65,13625.5,13461.05,13504.75,18503069,1663.39
2018-05-17,13606.65,13625.5,13461.05,13504.75,18503069,1663.39
2018-05-18,13487.35,13526.95,13412.85,13459.15,21814306,1564.34
2018-05-18,13487.35,13526.95,13412.85,13459.15,21814306,1564.34
2018-05-21,13485.45,13572.15,13434.1,13483.85,19933398,1872.37
2018-05-21,13485.45,13572.15,13434.1,13483.85,19933398,1872.37
2018-05-22,13453.8,13530.55,13420.1,13484.55,14848732,1221.86
2018-05-22,13453.8,13530.55,13420.1,13484.55,14848732,1221.86
2018-05-23,13517.3,13615.4,13435.5,13464.35,23511265,1751.62
2018-05-23,13517.3,13615.4,13435.5,13464.35,23511265,1751.62
2018-05-24,13563.65,13797.95,13543.65,13775.65,30126284,2363.33
2018-05-24,13563.65,13797.95,13543.65,13775.65,30126284,2363.33
2018-05-25,13854.1,13963.7,13715.5,13762.3,22081327,2045.47
2018-05-25,13854.1,13963.7,13715.5,13762.3,22081327,2045.47
2018-05-28,13832.95,13832.95,13457.6,13497.7,24037272,2027.14
2018-05-28,13832.95,13832.95,13457.6,13497.7,24037272,2027.14
2018-05-29,13535.45,13631.3,13482.05,13561.05,17626079,1482.97
2018-05-29,13535.45,13631.3,13482.05,13561.05,17626079,1482.97
2018-05-30,13548.85,13627.05,13480.55,13557.7,20572865,1777.45
2018-05-30,13548.85,13627.05,13480.55,13557.7,20572865,1777.45
2018-05-31,13515.35,13695.3,13460.7,13666,41085827,3479.7
2018-05-31,13515.35,13695.3,13460.7,13666,41085827,3479.7
2018-06-01,13694.25,13785.35,13528.65,13558.55,21876620,1444.9
2018-06-01,13694.25,13785.35,13528.65,13558.55,21876620,1444.9
2018-06-04,13592.4,13646.55,13525.2,13595.1,19040022,1166.84
2018-06-04,13592.4,13646.55,13525.2,13595.1,19040022,1166.84
2018-06-05,13625.65,13638.75,13363.4,13408.9,24012688,1553.97
2018-06-05,13625.65,13638.75,13363.4,13408.9,24012688,1553.97
2018-06-06,13460.6,13554.25,13355.2,13528.8,23453120,1408.87
2018-06-06,13460.6,13554.25,13355.2,13528.8,23453120,1408.87
2018-06-07,13530.55,13714.2,13525.35,13683.75,24954697,1523.2
2018-06-07,13530.55,13714.2,13525.35,13683.75,24954697,1523.2
2018-06-08,13677.8,13841.65,13674.35,13769.8,26002064,1775.96
2018-06-08,13677.8,13841.65,13674.35,13769.8,26002064,1775.96
2018-06-11,13807.5,13869.55,13755.5,13775.1,24377768,1541.12
2018-06-11,13807.5,13869.55,13755.5,13775.1,24377768,1541.12
2018-06-12,13817.7,13889.45,13771.35,13859.85,27672172,2257.61
2018-06-12,13817.7,13889.45,13771.35,13859.85,27672172,2257.61
2018-06-13,14001.2,14074.9,13950.15,14034.15,26890892,2082.19
2018-06-13,14001.2,14074.9,13950.15,14034.15,26890892,2082.19
2018-06-14,13980.55,13984.75,13784.35,13825.4,31330506,2230.71
2018-06-14,13980.55,13984.75,13784.35,13825.4,31330506,2230.71
2018-06-15,13868.5,14151.75,13841.6,14121.5,45008343,4108.11
2018-06-15,13868.5,14151.75,13841.6,14121.5,45008343,4108.11
2018-06-18,14223.35,14223.35,13995.9,14024.2,29064786,2037.28
2018-06-18,14223.35,14223.35,13995.9,14024.2,29064786,2037.28
2018-06-19,13987.6,14028.7,13835.7,13849.45,32753588,1938.64
2018-06-19,13987.6,14028.7,13835.7,13849.45,32753588,1938.64
2018-06-20,13900.85,13914.95,13782.15,13810.9,24277411,1688.17
2018-06-20,13900.85,13914.95,13782.15,13810.9,24277411,1688.17
2018-06-21,13856.1,13882.4,13751.6,13771.7,30152844,1742.56
2018-06-21,13856.1,13882.4,13751.6,13771.7,30152844,1742.56
2018-06-22,13792.85,13844,13724.15,13777.05,17748643,1378.81
2018-06-22,13792.85,13844,13724.15,13777.05,17748643,1378.81
2018-06-25,13814,13918.05,13791,13865.2,18404657,1565.3
2018-06-25,13814,13918.05,13791,13865.2,18404657,1565.3
2018-06-26,13862.7,13981.15,13848.8,13943.5,25183925,1971.52
2018-06-26,13862.7,13981.15,13848.8,13943.5,25183925,1971.52
2018-06-27,14005.65,14143.3,13966.35,14018.4,29335023,2375.36
2018-06-27,14005.65,14143.3,13966.35,14018.4,29335023,2375.36
2018-06-28,14070.9,14139.65,13853.1,13873.8,42213864,3313.18
2018-06-28,14070.9,14139.65,13853.1,13873.8,42213864,3313.18
2018-06-29,13959.15,14020.75,13858.7,13989.5,33055615,2662.6
2018-06-29,13959.15,14020.75,13858.7,13989.5,33055615,2662.6
2018-07-02,14024.6,14086.8,13977.9,14072.3,23453334,1590.62
2018-07-02,14024.6,14086.8,13977.9,14072.3,23453334,1590.62
2018-07-03,14100.8,14238.9,14074.85,14222.55,24801569,1926.6
2018-07-03,14100.8,14238.9,14074.85,14222.55,24801569,1926.6
2018-07-04,14243.8,14243.95,14099.25,14126.15,21290467,1468.69
2018-07-04,14243.8,14243.95,14099.25,14126.15,21290467,1468.69
2018-07-05,14180.3,14184.45,13898.9,13970.5,27464167,2294.58
2018-07-05,14180.3,14184.45,13898.9,13970.5,27464167,2294.58
2018-07-06,14008.15,14063.25,13925.55,14015.9,26441281,2313.61
2018-07-06,14008.15,14063.25,13925.55,14015.9,26441281,2313.61
2018-07-09,14111.85,14141.15,13993.6,14108.85,23350288,2269.13
2018-07-09,14111.85,14141.15,13993.6,14108.85,23350288,2269.13
2018-07-10,14275.1,14299.5,14174.6,14222.75,33207897,2724.75
2018-07-10,14275.1,14299.5,14174.6,14222.75,33207897,2724.75
2018-07-11,14352.15,14629.5,14337.55,14536.45,56831080,6990.42
2018-07-11,14352.15,14629.5,14337.55,14536.45,56831080,6990.42
2018-07-12,14611.45,14627.8,14437.65,14515.65,36396847,3568.53
2018-07-12,14611.45,14627.8,14437.65,14515.65,36396847,3568.53
2018-07-13,14559.15,14654.55,14462.95,14534.9,42977674,3651.62
2018-07-13,14559.15,14654.55,14462.95,14534.9,42977674,3651.62
2018-07-16,14554.25,14776,14443,14617.05,36466840,3748.47
2018-07-16,14554.25,14776,14443,14617.05,36466840,3748.47
2018-07-17,14609.55,14709.6,14539.6,14618.25,26569892,2309.03
2018-07-17,14609.55,14709.6,14539.6,14618.25,26569892,2309.03
2018-07-18,14695.65,14762.3,14568.55,14631.65,22265892,1848.33
2018-07-18,14695.65,14762.3,14568.55,14631.65,22265892,1848.33
2018-07-19,14638.1,14693.45,14420,14489.85,29547548,2477.3
2018-07-19,14638.1,14693.45,14420,14489.85,29547548,2477.3
2018-07-20,14541.35,14771.05,14518.5,14701.4,37513621,2593.28
2018-07-20,14541.35,14771.05,14518.5,14701.4,37513621,2593.28
2018-07-23,14726.7,14726.7,14571.6,14683.2,33488923,2048.31
2018-07-23,14726.7,14726.7,14571.6,14683.2,33488923,2048.31
2018-07-24,14768.85,14768.9,14620.95,14663.9,22853710,1737.72
2018-07-24,14768.85,14768.9,14620.95,14663.9,22853710,1737.72
2018-07-25,14697.85,14697.85,14539.25,14575.35,27876290,2341.01
2018-07-25,14697.85,14697.85,14539.25,14575.35,27876290,2341.01
2018-07-26,14510.6,14559.5,14423.75,14468.1,49322705,2954.46
2018-07-26,14510.6,14559.5,14423.75,14468.1,49322705,2954.46
2018-07-27,14476.45,14553.8,14450.15,14517.9,23611574,1725.13
2018-07-27,14476.45,14553.8,14450.15,14517.9,23611574,1725.13
2018-07-30,14538.9,14561.05,14391.15,14420.55,27095207,1756.96
2018-07-30,14538.9,14561.05,14391.15,14420.55,27095207,1756.96
2018-07-31,14432.6,14617.75,14386.8,14587.8,27251977,2225.01
2018-07-31,14432.6,14617.75,14386.8,14587.8,27251977,2225.01
2018-08-01,14618.65,14690.6,14586.55,14679.35,19238886,1587.76
2018-08-01,14618.65,14690.6,14586.55,14679.35,19238886,1587.76
2018-08-02,14689.1,14739.8,14541.35,14552.6,18037721,1376.21
2018-08-02,14689.1,14739.8,14541.35,14552.6,18037721,1376.21
2018-08-03,14632.35,14663.6,14588.95,14649.05,18568390,1232.93
2018-08-03,14632.35,14663.6,14588.95,14649.05,18568390,1232.93
2018-08-06,14694.7,14731.1,14572.9,14605.55,14956902,1234.73
2018-08-06,14694.7,14731.1,14572.9,14605.55,14956902,1234.73
2018-08-07,14660.1,14688.1,14588.55,14613.75,18375389,1382.92
2018-08-07,14660.1,14688.1,14588.55,14613.75,18375389,1382.92
2018-08-08,14650.6,14663.05,14534.6,14608.2,19261664,1237.29
2018-08-08,14650.6,14663.05,14534.6,14608.2,19261664,1237.29
2018-08-09,14660.55,14662.45,14588.95,14603.35,19685828,1439.49
2018-08-09,14660.55,14662.45,14588.95,14603.35,19685828,1439.49
2018-08-10,14661.9,14702.15,14568.3,14679.25,18078155,1548.04
2018-08-10,14661.9,14702.15,14568.3,14679.25,18078155,1548.04
2018-08-13,14697.7,14902.4,14683,14880.25,26331697,2430.21
2018-08-13,14697.7,14902.4,14683,14880.25,26331697,2430.21
2018-08-14,14927.4,15090.9,14872.95,15009.25,25441762,2272.47
2018-08-14,14927.4,15090.9,14872.95,15009.25,25441762,2272.47
2018-08-16,15021.95,15122.65,15017.25,15044.35,24780738,2076.49
2018-08-16,15021.95,15122.65,15017.25,15044.35,24780738,2076.49
2018-08-17,15059.95,15143.35,14982.35,15126.4,20667279,1560.31
2018-08-17,15059.95,15143.35,14982.35,15126.4,20667279,1560.31
2018-08-20,15033.65,15054.1,14946.55,14996.1,24589958,2171.68
2018-08-20,15033.65,15054.1,14946.55,14996.1,24589958,2171.68
2018-08-21,15072.45,15183.25,15041.85,15134.65,33908364,2518.6
2018-08-21,15072.45,15183.25,15041.85,15134.65,33908364,2518.6
2018-08-23,15195,15361.4,15185.25,15321.95,31146819,2699.69
2018-08-23,15195,15361.4,15185.25,15321.95,31146819,2699.69
2018-08-24,15337.9,15410.2,15239.35,15260.05,25436831,1823.64
2018-08-24,15337.9,15410.2,15239.35,15260.05,25436831,1823.64
2018-08-27,15285.1,15539.65,15274.35,15514.95,20065648,1619.87
2018-08-27,15285.1,15539.65,15274.35,15514.95,20065648,1619.87
2018-08-28,15546.5,15641.4,15528.4,15583.05,19466343,1673.87
2018-08-28,15546.5,15641.4,15528.4,15583.05,19466343,1673.87
2018-08-29,15617,15621.9,15439.45,15524.95,17453665,1547.25
2018-08-29,15617,15621.9,15439.45,15524.95,17453665,1547.25
2018-08-30,15519.6,15576.65,15428.1,15529.85,46739804,2877.12
2018-08-30,15519.6,15576.65,15428.1,15529.85,46739804,2877.12
2018-08-31,15575.95,15833.65,15567.5,15811.4,36217077,3125.57
2018-08-31,15575.95,15833.65,15567.5,15811.4,36217077,3125.57
2018-09-03,16013.05,16048.25,15703,15724.7,49869686,3264.48
2018-09-03,16013.05,16048.25,15703,15724.7,49869686,3264.48
2018-09-04,15799.35,16094.05,15783.55,16048.7,45117210,3577.66
2018-09-04,15799.35,16094.05,15783.55,16048.7,45117210,3577.66
2018-09-05,16088.7,16124.6,15976.45,16039.9,38993047,2663.08
2018-09-05,16088.7,16124.6,15976.45,16039.9,38993047,2663.08
2018-09-06,16047.95,16121.5,15932.65,16081.65,32781089,2324.78
2018-09-06,16047.95,16121.5,15932.65,16081.65,32781089,2324.78
2018-09-07,16126.25,16130.6,15975,16104.75,29097046,1867.34
2018-09-07,16126.25,16130.6,15975,16104.75,29097046,1867.34
2018-09-10,16150.65,16229.85,16085.5,16105.3,29956602,2024.75
2018-09-10,16150.65,16229.85,16085.5,16105.3,29956602,2024.75
2018-09-11,16182,16217.75,15970.1,15993.15,32423587,2772.96
2018-09-11,16182,16217.75,15970.1,15993.15,32423587,2772.96
2018-09-12,16092.1,16124.55,15977.85,16054.05,26710771,1964.88
2018-09-12,16092.1,16124.55,15977.85,16054.05,26710771,1964.88
2018-09-14,16046.4,16104.05,15843.6,16072.5,32561023,2525.42
2018-09-14,16046.4,16104.05,15843.6,16072.5,32561023,2525.42
2018-09-17,16096.4,16207.5,16080.75,16119.8,22515129,1904.73
2018-09-17,16096.4,16207.5,16080.75,16119.8,22515129,1904.73
2018-09-18,16152.85,16152.85,16003.2,16031,20435865,1846.39
2018-09-18,16152.85,16152.85,16003.2,16031,20435865,1846.39
2018-09-19,16092.65,16115.15,15982.05,16063.95,20373441,1731.97
2018-09-19,16092.65,16115.15,15982.05,16063.95,20373441,1731.97
2018-09-21,16023.65,16047.2,15579.95,15833.5,56712658,3610.12
2018-09-21,16023.65,16047.2,15579.95,15833.5,56712658,3610.12
2018-09-24,15862.4,16235.05,15820.65,16175.3,39760654,2424.39
2018-09-24,15862.4,16235.05,15820.65,16175.3,39760654,2424.39
2018-09-25,16207,16360.6,16081.9,16234.9,42199895,2581.2
2018-09-25,16207,16360.6,16081.9,16234.9,42199895,2581.2
2018-09-26,16285.75,16292.3,15877.9,15932.45,44160114,2279.32
2018-09-26,16285.75,16292.3,15877.9,15932.45,44160114,2279.32
2018-09-27,15979.5,16094.05,15943.9,16018,74160242,3742.82
2018-09-27,15979.5,16094.05,15943.9,16018,74160242,3742.82
2018-09-28,15932.1,15972,15734.95,15838.05,183715914,3620.8
2018-09-28,15932.1,15972,15734.95,15838.05,183715914,3620.8
2018-10-01,15897.1,16282.05,15861.5,16213.6,135216665,3067.73
2018-10-01,15897.1,16282.05,15861.5,16213.6,135216665,3067.73
2018-10-03,16208.75,16278,15874.25,15909.8,69385750,2984.5
2018-10-03,16208.75,16278,15874.25,15909.8,69385750,2984.5
2018-10-04,15835.2,15835.2,15403.9,15441.1,70098370,2853.17
2018-10-04,15835.2,15835.2,15403.9,15441.1,70098370,2853.17
2018-10-05,15416.9,15710,15265.65,15591.65,44283701,2342.35
2018-10-05,15416.9,15710,15265.65,15591.65,44283701,2342.35
2018-10-08,15538.2,15644.2,15198.25,15305.2,52533348,2126.98
2018-10-08,15538.2,15644.2,15198.25,15305.2,52533348,2126.98
2018-10-09,15305.15,15429.95,15137.75,15369.8,35164352,1891.7
2018-10-09,15305.15,15429.95,15137.75,15369.8,35164352,1891.7
2018-10-10,15356.3,15380.85,15053.3,15143.2,32964220,2170.24
2018-10-10,15356.3,15380.85,15053.3,15143.2,32964220,2170.24
2018-10-11,14721.1,14890.65,14554.25,14683,45388816,2822.29
2018-10-11,14721.1,14890.65,14554.25,14683,45388816,2822.29
2018-10-12,14701.85,14721.95,14408.45,14539.2,43233902,3441.51
2018-10-12,14701.85,14721.95,14408.45,14539.2,43233902,3441.51
2018-10-15,14639.5,14846.95,14564.3,14797.2,31257720,1858.35
2018-10-15,14639.5,14846.95,14564.3,14797.2,31257720,1858.35
2018-10-16,14876.05,14975.55,14743.9,14887.35,32510210,2190.62
2018-10-16,14876.05,14975.55,14743.9,14887.35,32510210,2190.62
2018-10-17,15031.05,15190.65,14903.5,14949.6,50083440,3450.36
2018-10-17,15031.05,15190.65,14903.5,14949.6,50083440,3450.36
2018-10-19,14776.45,14776.45,14421.65,14476.85,50673746,3253.51
2018-10-19,14776.45,14776.45,14421.65,14476.85,50673746,3253.51
2018-10-22,14527.55,14527.55,14299.15,14421.4,73137494,2120.33
2018-10-22,14527.55,14527.55,14299.15,14421.4,73137494,2120.33
2018-10-23,14318.95,14406.75,13977.65,14014.7,56646090,1958.7
2018-10-23,14318.95,14406.75,13977.65,14014.7,56646090,1958.7
2018-10-24,14125.5,14183.55,13826.3,14049.15,36519276,2247.7
2018-10-24,14125.5,14183.55,13826.3,14049.15,36519276,2247.7
2018-10-25,13894.8,14179.7,13863.9,14070.8,62725558,2318.76
2018-10-25,13894.8,14179.7,13863.9,14070.8,62725558,2318.76
2018-10-26,14057.05,14070.05,13769.85,13798.6,38506098,1524.82
2018-10-26,14057.05,14070.05,13769.85,13798.6,38506098,1524.82
2018-10-29,13837.65,14188,13696.5,14132.65,31653969,1635.13
2018-10-29,13837.65,14188,13696.5,14132.65,31653969,1635.13
2018-10-30,14088.25,14437.6,14028.8,14355.85,57556185,2220.89
2018-10-30,14088.25,14437.6,14028.8,14355.85,57556185,2220.89
2018-10-31,14428.7,14994.85,14376.75,14940.1,56390415,3208.14
2018-10-31,14428.7,14994.85,14376.75,14940.1,56390415,3208.14
2018-11-01,14991.6,14991.6,14541.2,14622,41081207,1896.8
2018-11-01,14991.6,14991.6,14541.2,14622,41081207,1896.8
2018-11-02,14639.05,14780.1,14356.1,14396.7,70436201,1979.84
2018-11-02,14639.05,14780.1,14356.1,14396.7,70436201,1979.84
2018-11-05,14377.5,14534.05,14345.25,14471.75,48190914,1580.31
2018-11-05,14377.5,14534.05,14345.25,14471.75,48190914,1580.31
2018-11-06,14499.8,14660.15,14468.25,14577.3,43542715,1441.6
2018-11-06,14499.8,14660.15,14468.25,14577.3,43542715,1441.6
2018-11-07,14654.25,14698.95,14645.05,14674.45,34924680,286.2
2018-11-07,14654.25,14698.95,14645.05,14674.45,34924680,286.2
2018-11-09,14793.75,14796.9,14483.35,14553.25,112060387,2570.36
2018-11-09,14793.75,14796.9,14483.35,14553.25,112060387,2570.36
2018-11-12,14604.95,14821.55,14565.05,14650.5,98145750,2357.16
2018-11-12,14604.95,14821.55,14565.05,14650.5,98145750,2357.16
2018-11-13,14637.25,14780,14561.55,14698.2,48659834,1489.31
2018-11-13,14637.25,14780,14561.55,14698.2,48659834,1489.31
2018-11-14,14662.3,14662.8,14236.7,14338.45,63478110,1870.96
2018-11-14,14662.3,14662.8,14236.7,14338.45,63478110,1870.96
2018-11-15,14315.45,14573.1,14264.6,14354.15,43775186,1619.13
2018-11-15,14315.45,14573.1,14264.6,14354.15,43775186,1619.13
2018-11-16,14426.7,14504.5,14356.65,14473.15,58652863,2038.39
2018-11-16,14426.7,14504.5,14356.65,14473.15,58652863,2038.39
2018-11-19,14544.8,14618.25,14433.2,14599.75,53935954,1557.61
2018-11-19,14544.8,14618.25,14433.2,14599.75,53935954,1557.61
2018-11-20,14575.25,14575.25,14262.3,14285.05,45487048,1366.59
2018-11-20,14575.25,14575.25,14262.3,14285.05,45487048,1366.59
2018-11-21,14244.75,14245.05,13827.15,13879.15,46550497,2427.16
2018-11-21,14244.75,14245.05,13827.15,13879.15,46550497,2427.16
2018-11-22,13955,14109.45,13819.7,13835.7,37088426,1927.98
2018-11-22,13955,14109.45,13819.7,13835.7,37088426,1927.98
2018-11-26,13836.95,14083.7,13581.35,14025.4,47715485,2718.47
2018-11-26,13836.95,14083.7,13581.35,14025.4,47715485,2718.47
2018-11-27,14057.9,14265.25,14000.4,14225.35,37834150,2299.73
2018-11-27,14057.9,14265.25,14000.4,14225.35,37834150,2299.73
2018-11-28,14266.75,14658.9,14250.9,14632.9,57816831,3218.15
2018-11-28,14266.75,14658.9,14250.9,14632.9,57816831,3218.15
2018-11-29,14726.75,14732.65,14433.05,14465.25,63005396,2580.88
2018-11-29,14726.75,14732.65,14433.05,14465.25,63005396,2580.88
2018-11-30,14494.7,14710.8,14494.6,14638.05,50352789,2786.27
2018-11-30,14494.7,14710.8,14494.6,14638.05,50352789,2786.27
2018-12-03,14728.45,14790.8,14630.75,14740.4,45634980,1664.14
2018-12-03,14728.45,14790.8,14630.75,14740.4,45634980,1664.14
2018-12-04,14757.45,15015.1,14728.2,14999.9,50807357,2259.11
2018-12-04,14757.45,15015.1,14728.2,14999.9,50807357,2259.11
2018-12-05,14932.45,15062.4,14788.75,15012.95,38989529,1877.15
2018-12-05,14932.45,15062.4,14788.75,15012.95,38989529,1877.15
2018-12-06,14936.6,15064.25,14664.3,14693.75,36694749,2078.56
2018-12-06,14936.6,15064.25,14664.3,14693.75,36694749,2078.56
2018-12-07,14686.8,14700.05,14461.95,14662.9,39878132,2295.03
2018-12-07,14686.8,14700.05,14461.95,14662.9,39878132,2295.03
2018-12-10,14486,14723.7,14369.5,14419.2,39398373,1574.05
2018-12-10,14486,14723.7,14369.5,14419.2,39398373,1574.05
2018-12-11,14385.35,14684.45,14307.3,14579.6,48447503,2128.33
2018-12-11,14385.35,14684.45,14307.3,14579.6,48447503,2128.33
2018-12-12,14640.15,14756.5,14521.2,14738.55,46035249,1685.45
2018-12-12,14640.15,14756.5,14521.2,14738.55,46035249,1685.45
2018-12-13,14782.35,14908.9,14652,14840.95,62800061,2150.1
2018-12-13,14782.35,14908.9,14652,14840.95,62800061,2150.1
2018-12-14,14810.4,14913.8,14741.7,14851.4,41390824,2004.91
2018-12-14,14810.4,14913.8,14741.7,14851.4,41390824,2004.91
2018-12-17,14931.05,14931.05,14801.15,14873.05,36335815,1309.69
2018-12-17,14931.05,14931.05,14801.15,14873.05,36335815,1309.69
2018-12-18,14776.45,14809.55,14662.1,14730.9,46936075,1753.47
2018-12-18,14776.45,14809.55,14662.1,14730.9,46936075,1753.47
2018-12-19,14686.05,14698.9,14463.75,14591.8,36208238,2076.74
2018-12-19,14686.05,14698.9,14463.75,14591.8,36208238,2076.74
2018-12-20,14468.4,14621.8,14461.3,14542.15,35736127,1857.74
2018-12-20,14468.4,14621.8,14461.3,14542.15,35736127,1857.74
2018-12-21,14493.75,14505.5,14171.95,14207.85,61833131,2899.13
2018-12-21,14493.75,14505.5,14171.95,14207.85,61833131,2899.13
2018-12-24,14296.8,14371.75,14197.1,14247.75,30554691,1491.18
2018-12-24,14296.8,14371.75,14197.1,14247.75,30554691,1491.18
2018-12-26,14229.2,14229.2,14018.4,14158.9,33373773,1463.91
2018-12-26,14229.2,14229.2,14018.4,14158.9,33373773,1463.91
2018-12-27,14300.95,14460.7,14273.85,14354.5,46967544,2991.51
2018-12-27,14300.95,14460.7,14273.85,14354.5,46967544,2991.51
2018-12-28,14409.6,14451.7,14368.7,14385.8,24562333,1228.75
2018-12-28,14409.6,14451.7,14368.7,14385.8,24562333,1228.75
2018-12-31,14458.5,14481.4,14394.55,14440.3,18437992,995.37
2018-12-31,14458.5,14481.4,14394.55,14440.3,18437992,995.37